metric,result
mape_test,0.1427848975685345
mape_train,0.13418732606137806
r2_test,0.8920175460373441
r2_train,0.9354438767820281
